{
  "Total" : {
    "transaction" : "Total",
    "sampleCount" : 300,
    "errorCount" : 0,
    "errorPct" : 0.0,
    "meanResTime" : 13420.126666666667,
    "medianResTime" : 9935.5,
    "minResTime" : 832.0,
    "maxResTime" : 37509.0,
    "pct1ResTime" : 32687.8,
    "pct2ResTime" : 36432.65,
    "pct3ResTime" : 37316.66,
    "throughput" : 6.618133686300464,
    "receivedKBytesPerSec" : 387.143801359475,
    "sentKBytesPerSec" : 1.047009430840503
  },
  "contact" : {
    "transaction" : "contact",
    "sampleCount" : 100,
    "errorCount" : 0,
    "errorPct" : 0.0,
    "meanResTime" : 20130.219999999998,
    "medianResTime" : 21559.0,
    "minResTime" : 1691.0,
    "maxResTime" : 37509.0,
    "pct1ResTime" : 36574.70000000002,
    "pct2ResTime" : 37267.95,
    "pct3ResTime" : 37508.79,
    "throughput" : 2.2060445621001543,
    "receivedKBytesPerSec" : 193.5719006797375,
    "sentKBytesPerSec" : 0.5235047154202515
  },
  "contact-1" : {
    "transaction" : "contact-1",
    "sampleCount" : 100,
    "errorCount" : 0,
    "errorPct" : 0.0,
    "meanResTime" : 853.5399999999995,
    "medianResTime" : 852.0,
    "minResTime" : 832.0,
    "maxResTime" : 910.0,
    "pct1ResTime" : 871.9,
    "pct2ResTime" : 879.95,
    "pct3ResTime" : 909.8199999999999,
    "throughput" : 2.758925122772168,
    "receivedKBytesPerSec" : 240.27166359736245,
    "sentKBytesPerSec" : 0.3287000634552778
  },
  "contact-0" : {
    "transaction" : "contact-0",
    "sampleCount" : 100,
    "errorCount" : 0,
    "errorPct" : 0.0,
    "meanResTime" : 19276.62,
    "medianResTime" : 20717.0,
    "minResTime" : 851.0,
    "maxResTime" : 36642.0,
    "pct1ResTime" : 35720.70000000002,
    "pct2ResTime" : 36432.65,
    "pct3ResTime" : 36641.98,
    "throughput" : 2.2491621870853105,
    "receivedKBytesPerSec" : 1.478318955095477,
    "sentKBytesPerSec" : 0.26577014124738535
  }
}