{
  "Total" : {
    "transaction" : "Total",
    "sampleCount" : 300,
    "errorCount" : 0,
    "errorPct" : 0.0,
    "meanResTime" : 12759.20333333333,
    "medianResTime" : 9383.0,
    "minResTime" : 857.0,
    "maxResTime" : 35673.0,
    "pct1ResTime" : 32278.3,
    "pct2ResTime" : 34054.24999999999,
    "pct3ResTime" : 35392.72,
    "throughput" : 6.9565217391304355,
    "receivedKBytesPerSec" : 520.6923007246377,
    "sentKBytesPerSec" : 1.1096014492753623
  },
  "ABOUT US" : {
    "transaction" : "ABOUT US",
    "sampleCount" : 100,
    "errorCount" : 0,
    "errorPct" : 0.0,
    "meanResTime" : 19139.17,
    "medianResTime" : 21279.5,
    "minResTime" : 1978.0,
    "maxResTime" : 35673.0,
    "pct1ResTime" : 33377.9,
    "pct2ResTime" : 35312.4,
    "pct3ResTime" : 35670.979999999996,
    "throughput" : 2.318840579710145,
    "receivedKBytesPerSec" : 260.34615036231884,
    "sentKBytesPerSec" : 0.5548007246376812
  },
  "ABOUT US-0" : {
    "transaction" : "ABOUT US-0",
    "sampleCount" : 100,
    "errorCount" : 0,
    "errorPct" : 0.0,
    "meanResTime" : 17993.39,
    "medianResTime" : 20138.5,
    "minResTime" : 857.0,
    "maxResTime" : 34542.0,
    "pct1ResTime" : 32251.9,
    "pct2ResTime" : 34154.65,
    "pct3ResTime" : 34540.02,
    "throughput" : 2.381122461128176,
    "receivedKBytesPerSec" : 1.562286071028883,
    "sentKBytesPerSec" : 0.28368841822034907
  },
  "ABOUT US-1" : {
    "transaction" : "ABOUT US-1",
    "sampleCount" : 100,
    "errorCount" : 0,
    "errorPct" : 0.0,
    "meanResTime" : 1145.0500000000002,
    "medianResTime" : 1144.0,
    "minResTime" : 1114.0,
    "maxResTime" : 1206.0,
    "pct1ResTime" : 1168.0,
    "pct2ResTime" : 1176.0,
    "pct3ResTime" : 1205.8,
    "throughput" : 2.9180892351688117,
    "receivedKBytesPerSec" : 325.71176300008756,
    "sentKBytesPerSec" : 0.35051267180250373
  }
}