{
  "SMS-SERVICES" : {
    "transaction" : "SMS-SERVICES",
    "sampleCount" : 100,
    "errorCount" : 0,
    "errorPct" : 0.0,
    "meanResTime" : 16363.130000000001,
    "medianResTime" : 15735.0,
    "minResTime" : 1696.0,
    "maxResTime" : 33074.0,
    "pct1ResTime" : 32460.3,
    "pct2ResTime" : 32774.7,
    "pct3ResTime" : 33072.18,
    "throughput" : 2.5067682743407196,
    "receivedKBytesPerSec" : 170.5648953345909,
    "sentKBytesPerSec" : 0.6193480209064474
  },
  "Total" : {
    "transaction" : "Total",
    "sampleCount" : 300,
    "errorCount" : 0,
    "errorPct" : 0.0,
    "meanResTime" : 10908.679999999998,
    "medianResTime" : 4821.5,
    "minResTime" : 841.0,
    "maxResTime" : 33074.0,
    "pct1ResTime" : 30426.300000000065,
    "pct2ResTime" : 32160.8,
    "pct3ResTime" : 32885.8,
    "throughput" : 7.52030482302216,
    "receivedKBytesPerSec" : 341.1297906691818,
    "sentKBytesPerSec" : 1.2386960418128947
  },
  "SMS-SERVICES-0" : {
    "transaction" : "SMS-SERVICES-0",
    "sampleCount" : 100,
    "errorCount" : 0,
    "errorPct" : 0.0,
    "meanResTime" : 15499.369999999999,
    "medianResTime" : 14869.0,
    "minResTime" : 853.0,
    "maxResTime" : 32223.0,
    "pct1ResTime" : 31603.600000000002,
    "pct2ResTime" : 31919.85,
    "pct3ResTime" : 32221.2,
    "throughput" : 2.561278590272264,
    "receivedKBytesPerSec" : 1.6777125140870324,
    "sentKBytesPerSec" : 0.31515732653740747
  },
  "SMS-SERVICES-1" : {
    "transaction" : "SMS-SERVICES-1",
    "sampleCount" : 100,
    "errorCount" : 0,
    "errorPct" : 0.0,
    "meanResTime" : 863.5400000000002,
    "medianResTime" : 861.0,
    "minResTime" : 841.0,
    "maxResTime" : 1019.0,
    "pct1ResTime" : 877.0,
    "pct2ResTime" : 884.95,
    "pct3ResTime" : 1017.6999999999994,
    "throughput" : 3.15000315000315,
    "receivedKBytesPerSec" : 212.26837633087635,
    "sentKBytesPerSec" : 0.3906742187992188
  }
}