{
  "honeycomb-1" : {
    "transaction" : "honeycomb-1",
    "sampleCount" : 100,
    "errorCount" : 0,
    "errorPct" : 0.0,
    "meanResTime" : 852.8999999999999,
    "medianResTime" : 853.0,
    "minResTime" : 835.0,
    "maxResTime" : 876.0,
    "pct1ResTime" : 867.9,
    "pct2ResTime" : 873.95,
    "pct3ResTime" : 875.99,
    "throughput" : 2.8281342798156057,
    "receivedKBytesPerSec" : 249.99160397635677,
    "sentKBytesPerSec" : 0.34246938544642097
  },
  "honeycomb" : {
    "transaction" : "honeycomb",
    "sampleCount" : 100,
    "errorCount" : 0,
    "errorPct" : 0.0,
    "meanResTime" : 18564.11,
    "medianResTime" : 20452.5,
    "minResTime" : 1678.0,
    "maxResTime" : 36606.0,
    "pct1ResTime" : 33690.5,
    "pct2ResTime" : 36379.549999999996,
    "pct3ResTime" : 36605.87,
    "throughput" : 2.2686540075773043,
    "receivedKBytesPerSec" : 202.02569977341818,
    "sentKBytesPerSec" : 0.5472241600308537
  },
  "Total" : {
    "transaction" : "Total",
    "sampleCount" : 300,
    "errorCount" : 0,
    "errorPct" : 0.0,
    "meanResTime" : 12375.999999999998,
    "medianResTime" : 9280.0,
    "minResTime" : 835.0,
    "maxResTime" : 36606.0,
    "pct1ResTime" : 32115.4,
    "pct2ResTime" : 34454.95,
    "pct3ResTime" : 36542.73,
    "throughput" : 6.805962022731913,
    "receivedKBytesPerSec" : 404.05139954683636,
    "sentKBytesPerSec" : 1.0944483200617074
  },
  "honeycomb-0" : {
    "transaction" : "honeycomb-0",
    "sampleCount" : 100,
    "errorCount" : 0,
    "errorPct" : 0.0,
    "meanResTime" : 17710.99,
    "medianResTime" : 19602.5,
    "minResTime" : 841.0,
    "maxResTime" : 35740.0,
    "pct1ResTime" : 32818.5,
    "pct2ResTime" : 35529.299999999996,
    "pct3ResTime" : 35739.94,
    "throughput" : 2.313797172539855,
    "receivedKBytesPerSec" : 1.51872313826095,
    "sentKBytesPerSec" : 0.2779268088109396
  }
}