{
  "SOFTWARE-SERVICE-0" : {
    "transaction" : "SOFTWARE-SERVICE-0",
    "sampleCount" : 100,
    "errorCount" : 0,
    "errorPct" : 0.0,
    "meanResTime" : 18113.86,
    "medianResTime" : 20219.0,
    "minResTime" : 866.0,
    "maxResTime" : 34755.0,
    "pct1ResTime" : 32953.6,
    "pct2ResTime" : 34371.6,
    "pct3ResTime" : 34754.01,
    "throughput" : 2.3629489603024574,
    "receivedKBytesPerSec" : 1.5688227345226844,
    "sentKBytesPerSec" : 0.29998375472589794
  },
  "SOFTWARE-SERVICE-1" : {
    "transaction" : "SOFTWARE-SERVICE-1",
    "sampleCount" : 100,
    "errorCount" : 0,
    "errorPct" : 0.0,
    "meanResTime" : 874.0199999999999,
    "medianResTime" : 862.0,
    "minResTime" : 838.0,
    "maxResTime" : 1038.0,
    "pct1ResTime" : 931.7,
    "pct2ResTime" : 953.6499999999999,
    "pct3ResTime" : 1037.97,
    "throughput" : 2.9123103357893814,
    "receivedKBytesPerSec" : 219.95053167865566,
    "sentKBytesPerSec" : 0.3725709511605556
  },
  "Total" : {
    "transaction" : "Total",
    "sampleCount" : 300,
    "errorCount" : 0,
    "errorPct" : 0.0,
    "meanResTime" : 12658.646666666666,
    "medianResTime" : 9420.5,
    "minResTime" : 838.0,
    "maxResTime" : 35623.0,
    "pct1ResTime" : 32590.9,
    "pct2ResTime" : 33919.8,
    "pct3ResTime" : 35332.07,
    "throughput" : 6.946373992775771,
    "receivedKBytesPerSec" : 352.8218016289247,
    "sentKBytesPerSec" : 1.1803408933036954
  },
  "SOFTWARE-SERVICE" : {
    "transaction" : "SOFTWARE-SERVICE",
    "sampleCount" : 100,
    "errorCount" : 0,
    "errorPct" : 0.0,
    "meanResTime" : 18988.06,
    "medianResTime" : 21071.0,
    "minResTime" : 1718.0,
    "maxResTime" : 35623.0,
    "pct1ResTime" : 33812.5,
    "pct2ResTime" : 35229.45,
    "pct3ResTime" : 35621.88,
    "throughput" : 2.3154579975919236,
    "receivedKBytesPerSec" : 176.41090081446234,
    "sentKBytesPerSec" : 0.5901704466518477
  }
}