{
  "blog-0" : {
    "transaction" : "blog-0",
    "sampleCount" : 100,
    "errorCount" : 0,
    "errorPct" : 0.0,
    "meanResTime" : 14550.440000000002,
    "medianResTime" : 14839.0,
    "minResTime" : 842.0,
    "maxResTime" : 32381.0,
    "pct1ResTime" : 31570.0,
    "pct2ResTime" : 31988.0,
    "pct3ResTime" : 32380.97,
    "throughput" : 2.583445282628914,
    "receivedKBytesPerSec" : 1.6628406111139817,
    "sentKBytesPerSec" : 0.29770170249044126
  },
  "blog-1" : {
    "transaction" : "blog-1",
    "sampleCount" : 100,
    "errorCount" : 0,
    "errorPct" : 0.0,
    "meanResTime" : 853.93,
    "medianResTime" : 852.0,
    "minResTime" : 831.0,
    "maxResTime" : 887.0,
    "pct1ResTime" : 867.9,
    "pct2ResTime" : 873.95,
    "pct3ResTime" : 886.93,
    "throughput" : 3.131360576170346,
    "receivedKBytesPerSec" : 248.38355742132458,
    "sentKBytesPerSec" : 0.3638983482072961
  },
  "Total" : {
    "transaction" : "Total",
    "sampleCount" : 300,
    "errorCount" : 0,
    "errorPct" : 0.0,
    "meanResTime" : 10269.536666666667,
    "medianResTime" : 1732.0,
    "minResTime" : 831.0,
    "maxResTime" : 33234.0,
    "pct1ResTime" : 28107.30000000001,
    "pct2ResTime" : 32172.55,
    "pct3ResTime" : 33040.99,
    "throughput" : 7.582459244281562,
    "receivedKBytesPerSec" : 404.2206061228359,
    "sentKBytesPerSec" : 1.1699497662075067
  },
  "blog" : {
    "transaction" : "blog",
    "sampleCount" : 100,
    "errorCount" : 0,
    "errorPct" : 0.0,
    "meanResTime" : 15404.240000000002,
    "medianResTime" : 15709.0,
    "minResTime" : 1689.0,
    "maxResTime" : 33234.0,
    "pct1ResTime" : 32406.7,
    "pct2ResTime" : 32844.45,
    "pct3ResTime" : 33233.85,
    "throughput" : 2.5274864147605207,
    "receivedKBytesPerSec" : 202.11030306141794,
    "sentKBytesPerSec" : 0.5849748831037533
  }
}