{
  "training-as-csr-0" : {
    "transaction" : "training-as-csr-0",
    "sampleCount" : 100,
    "errorCount" : 0,
    "errorPct" : 0.0,
    "meanResTime" : 17217.180000000004,
    "medianResTime" : 17424.5,
    "minResTime" : 854.0,
    "maxResTime" : 33957.0,
    "pct1ResTime" : 32416.7,
    "pct2ResTime" : 33625.7,
    "pct3ResTime" : 33956.9,
    "throughput" : 2.4061597690086622,
    "receivedKBytesPerSec" : 1.5917310815688162,
    "sentKBytesPerSec" : 0.3031197365255053
  },
  "training-as-csr-1" : {
    "transaction" : "training-as-csr-1",
    "sampleCount" : 100,
    "errorCount" : 0,
    "errorPct" : 0.0,
    "meanResTime" : 1145.729999999999,
    "medianResTime" : 1144.5,
    "minResTime" : 1119.0,
    "maxResTime" : 1191.0,
    "pct1ResTime" : 1162.9,
    "pct2ResTime" : 1172.0,
    "pct3ResTime" : 1190.85,
    "throughput" : 2.9376340295525982,
    "receivedKBytesPerSec" : 361.6961898886637,
    "sentKBytesPerSec" : 0.3729418201580447
  },
  "Total" : {
    "transaction" : "Total",
    "sampleCount" : 300,
    "errorCount" : 0,
    "errorPct" : 0.0,
    "meanResTime" : 12242.043333333331,
    "medianResTime" : 8927.5,
    "minResTime" : 854.0,
    "maxResTime" : 35102.0,
    "pct1ResTime" : 32219.3,
    "pct2ResTime" : 33616.7,
    "pct3ResTime" : 34870.23,
    "throughput" : 7.024938531787847,
    "receivedKBytesPerSec" : 579.7284788081021,
    "sentKBytesPerSec" : 1.184543671701206
  },
  "training-as-csr" : {
    "transaction" : "training-as-csr",
    "sampleCount" : 100,
    "errorCount" : 0,
    "errorPct" : 0.0,
    "meanResTime" : 18363.219999999998,
    "medianResTime" : 18561.5,
    "minResTime" : 1976.0,
    "maxResTime" : 35102.0,
    "pct1ResTime" : 33552.3,
    "pct2ResTime" : 34773.6,
    "pct3ResTime" : 35102.0,
    "throughput" : 2.3416461772626156,
    "receivedKBytesPerSec" : 289.86423940405103,
    "sentKBytesPerSec" : 0.592271835850603
  }
}