{
  "Total" : {
    "transaction" : "Total",
    "sampleCount" : 300,
    "errorCount" : 0,
    "errorPct" : 0.0,
    "meanResTime" : 10791.13,
    "medianResTime" : 1997.5,
    "minResTime" : 846.0,
    "maxResTime" : 35981.0,
    "pct1ResTime" : 30329.700000000008,
    "pct2ResTime" : 33921.049999999996,
    "pct3ResTime" : 35767.98,
    "throughput" : 7.059321834482434,
    "receivedKBytesPerSec" : 474.9282853789679,
    "sentKBytesPerSec" : 1.0708476480692755
  },
  "ca-1" : {
    "transaction" : "ca-1",
    "sampleCount" : 100,
    "errorCount" : 0,
    "errorPct" : 0.0,
    "meanResTime" : 1128.0999999999992,
    "medianResTime" : 1128.0,
    "minResTime" : 1110.0,
    "maxResTime" : 1168.0,
    "pct1ResTime" : 1139.9,
    "pct2ResTime" : 1144.85,
    "pct3ResTime" : 1167.87,
    "throughput" : 2.8702640642939152,
    "receivedKBytesPerSec" : 287.81124425947183,
    "sentKBytesPerSec" : 0.32795009328358204
  },
  "ca" : {
    "transaction" : "ca",
    "sampleCount" : 100,
    "errorCount" : 0,
    "errorPct" : 0.0,
    "meanResTime" : 16186.809999999998,
    "medianResTime" : 15149.5,
    "minResTime" : 1960.0,
    "maxResTime" : 35981.0,
    "pct1ResTime" : 32465.8,
    "pct2ResTime" : 35442.049999999996,
    "pct3ResTime" : 35979.049999999996,
    "throughput" : 2.3531072781608113,
    "receivedKBytesPerSec" : 237.46414268948396,
    "sentKBytesPerSec" : 0.5354238240346377
  },
  "ca-0" : {
    "transaction" : "ca-0",
    "sampleCount" : 100,
    "errorCount" : 0,
    "errorPct" : 0.0,
    "meanResTime" : 15058.479999999998,
    "medianResTime" : 14013.0,
    "minResTime" : 846.0,
    "maxResTime" : 34840.0,
    "pct1ResTime" : 31335.9,
    "pct2ResTime" : 34314.799999999996,
    "pct3ResTime" : 34838.11,
    "throughput" : 2.4176780619892657,
    "receivedKBytesPerSec" : 1.5514221235675256,
    "sentKBytesPerSec" : 0.27387759295972147
  }
}