{
  "education" : {
    "transaction" : "education",
    "sampleCount" : 100,
    "errorCount" : 0,
    "errorPct" : 0.0,
    "meanResTime" : 17031.9,
    "medianResTime" : 16600.0,
    "minResTime" : 1957.0,
    "maxResTime" : 33721.0,
    "pct1ResTime" : 32530.5,
    "pct2ResTime" : 33233.15,
    "pct3ResTime" : 33718.88,
    "throughput" : 2.462326405988378,
    "receivedKBytesPerSec" : 283.26968476066185,
    "sentKBytesPerSec" : 0.5939400608194622
  },
  "Total" : {
    "transaction" : "Total",
    "sampleCount" : 300,
    "errorCount" : 0,
    "errorPct" : 0.0,
    "meanResTime" : 11354.343333333329,
    "medianResTime" : 8365.0,
    "minResTime" : 846.0,
    "maxResTime" : 33721.0,
    "pct1ResTime" : 30678.900000000034,
    "pct2ResTime" : 32228.25,
    "pct3ResTime" : 33362.770000000004,
    "throughput" : 7.386979217965133,
    "receivedKBytesPerSec" : 566.5393695213237,
    "sentKBytesPerSec" : 1.1878801216389243
  },
  "education-0" : {
    "transaction" : "education-0",
    "sampleCount" : 100,
    "errorCount" : 0,
    "errorPct" : 0.0,
    "meanResTime" : 15898.780000000006,
    "medianResTime" : 15466.5,
    "minResTime" : 846.0,
    "maxResTime" : 32595.0,
    "pct1ResTime" : 31395.8,
    "pct2ResTime" : 32096.7,
    "pct3ResTime" : 32592.98,
    "throughput" : 2.532735607729909,
    "receivedKBytesPerSec" : 1.6534014639211814,
    "sentKBytesPerSec" : 0.30422507788161995
  },
  "education-1" : {
    "transaction" : "education-1",
    "sampleCount" : 100,
    "errorCount" : 0,
    "errorPct" : 0.0,
    "meanResTime" : 1132.3500000000006,
    "medianResTime" : 1130.0,
    "minResTime" : 1104.0,
    "maxResTime" : 1165.0,
    "pct1ResTime" : 1147.0,
    "pct2ResTime" : 1156.0,
    "pct3ResTime" : 1164.97,
    "throughput" : 3.0832793759442545,
    "receivedKBytesPerSec" : 352.69223283384207,
    "sentKBytesPerSec" : 0.37336586193074955
  }
}