{
  "mikrof" : {
    "transaction" : "mikrof",
    "sampleCount" : 100,
    "errorCount" : 0,
    "errorPct" : 0.0,
    "meanResTime" : 1764.5399999999997,
    "medianResTime" : 1729.5,
    "minResTime" : 1686.0,
    "maxResTime" : 2335.0,
    "pct1ResTime" : 1796.5,
    "pct2ResTime" : 2126.5999999999985,
    "pct3ResTime" : 2334.92,
    "throughput" : 8.769622029290538,
    "receivedKBytesPerSec" : 810.7447053406997,
    "sentKBytesPerSec" : 2.0639442471279486
  },
  "mikrof-1" : {
    "transaction" : "mikrof-1",
    "sampleCount" : 100,
    "errorCount" : 0,
    "errorPct" : 0.0,
    "meanResTime" : 860.4099999999997,
    "medianResTime" : 855.0,
    "minResTime" : 833.0,
    "maxResTime" : 905.0,
    "pct1ResTime" : 888.9,
    "pct2ResTime" : 893.0,
    "pct3ResTime" : 904.9399999999999,
    "throughput" : 10.018032458425166,
    "receivedKBytesPerSec" : 920.1915009517131,
    "sentKBytesPerSec" : 1.18377141354438
  },
  "mikrof-0" : {
    "transaction" : "mikrof-0",
    "sampleCount" : 100,
    "errorCount" : 0,
    "errorPct" : 0.0,
    "meanResTime" : 903.51,
    "medianResTime" : 873.5,
    "minResTime" : 847.0,
    "maxResTime" : 1466.0,
    "pct1ResTime" : 907.5,
    "pct2ResTime" : 1250.6499999999985,
    "pct3ResTime" : 1465.7199999999998,
    "throughput" : 9.467007478935908,
    "receivedKBytesPerSec" : 5.6395259396004915,
    "sentKBytesPerSec" : 1.1094149389378016
  },
  "Total" : {
    "transaction" : "Total",
    "sampleCount" : 300,
    "errorCount" : 0,
    "errorPct" : 0.0,
    "meanResTime" : 1176.1533333333334,
    "medianResTime" : 880.0,
    "minResTime" : 833.0,
    "maxResTime" : 2335.0,
    "pct1ResTime" : 1749.9,
    "pct2ResTime" : 1780.75,
    "pct3ResTime" : 2286.2700000000004,
    "throughput" : 26.308866087871614,
    "receivedKBytesPerSec" : 1621.4894106813995,
    "sentKBytesPerSec" : 4.127888494255897
  }
}