{
  "project-canvas-0" : {
    "transaction" : "project-canvas-0",
    "sampleCount" : 100,
    "errorCount" : 0,
    "errorPct" : 0.0,
    "meanResTime" : 17365.890000000003,
    "medianResTime" : 19450.0,
    "minResTime" : 859.0,
    "maxResTime" : 34181.0,
    "pct1ResTime" : 32098.7,
    "pct2ResTime" : 33886.15,
    "pct3ResTime" : 34180.11,
    "throughput" : 2.3996352554411726,
    "receivedKBytesPerSec" : 1.5867822465985169,
    "sentKBytesPerSec" : 0.2999544069301466
  },
  "Total" : {
    "transaction" : "Total",
    "sampleCount" : 300,
    "errorCount" : 0,
    "errorPct" : 0.0,
    "meanResTime" : 12150.27,
    "medianResTime" : 9019.5,
    "minResTime" : 830.0,
    "maxResTime" : 35059.0,
    "pct1ResTime" : 31894.100000000006,
    "pct2ResTime" : 33125.1,
    "pct3ResTime" : 34877.9,
    "throughput" : 7.052351959378453,
    "receivedKBytesPerSec" : 430.2996680252239,
    "sentKBytesPerSec" : 1.1799833682032959
  },
  "project-canvas" : {
    "transaction" : "project-canvas",
    "sampleCount" : 100,
    "errorCount" : 0,
    "errorPct" : 0.0,
    "meanResTime" : 18225.870000000003,
    "medianResTime" : 20317.0,
    "minResTime" : 1703.0,
    "maxResTime" : 35059.0,
    "pct1ResTime" : 32963.7,
    "pct2ResTime" : 34736.8,
    "pct3ResTime" : 35057.71,
    "throughput" : 2.350783986459484,
    "receivedKBytesPerSec" : 215.14983401261196,
    "sentKBytesPerSec" : 0.5899916841016479
  },
  "project-canvas-1" : {
    "transaction" : "project-canvas-1",
    "sampleCount" : 100,
    "errorCount" : 0,
    "errorPct" : 0.0,
    "meanResTime" : 859.0499999999998,
    "medianResTime" : 858.5,
    "minResTime" : 830.0,
    "maxResTime" : 956.0,
    "pct1ResTime" : 876.0,
    "pct2ResTime" : 889.4499999999998,
    "pct3ResTime" : 955.4499999999997,
    "throughput" : 2.954035212099728,
    "receivedKBytesPerSec" : 268.4075626993974,
    "sentKBytesPerSec" : 0.3721392015242822
  }
}