{
  "Total" : {
    "transaction" : "Total",
    "sampleCount" : 300,
    "errorCount" : 0,
    "errorPct" : 0.0,
    "meanResTime" : 12823.866666666663,
    "medianResTime" : 9509.5,
    "minResTime" : 831.0,
    "maxResTime" : 36608.0,
    "pct1ResTime" : 32352.5,
    "pct2ResTime" : 35042.799999999996,
    "pct3ResTime" : 36250.37,
    "throughput" : 6.803338171262699,
    "receivedKBytesPerSec" : 306.54260555095703,
    "sentKBytesPerSec" : 1.0763093591255444
  },
  "gallery-1" : {
    "transaction" : "gallery-1",
    "sampleCount" : 100,
    "errorCount" : 0,
    "errorPct" : 0.0,
    "meanResTime" : 851.35,
    "medianResTime" : 850.5,
    "minResTime" : 831.0,
    "maxResTime" : 896.0,
    "pct1ResTime" : 866.0,
    "pct2ResTime" : 869.95,
    "pct3ResTime" : 895.8399999999999,
    "throughput" : 2.837603927243835,
    "receivedKBytesPerSec" : 189.92271519678783,
    "sentKBytesPerSec" : 0.33807390539428506
  },
  "gallery" : {
    "transaction" : "gallery",
    "sampleCount" : 100,
    "errorCount" : 0,
    "errorPct" : 0.0,
    "meanResTime" : 19236.190000000002,
    "medianResTime" : 20740.0,
    "minResTime" : 1673.0,
    "maxResTime" : 36608.0,
    "pct1ResTime" : 33592.9,
    "pct2ResTime" : 36107.35,
    "pct3ResTime" : 36605.79,
    "throughput" : 2.2677793904208996,
    "receivedKBytesPerSec" : 153.27130277547852,
    "sentKBytesPerSec" : 0.5381546795627722
  },
  "gallery-0" : {
    "transaction" : "gallery-0",
    "sampleCount" : 100,
    "errorCount" : 0,
    "errorPct" : 0.0,
    "meanResTime" : 18384.059999999998,
    "medianResTime" : 19888.5,
    "minResTime" : 842.0,
    "maxResTime" : 35771.0,
    "pct1ResTime" : 32743.4,
    "pct2ResTime" : 35246.0,
    "pct3ResTime" : 35768.84,
    "throughput" : 2.311657689729305,
    "receivedKBytesPerSec" : 1.5160997928176796,
    "sentKBytesPerSec" : 0.2731548637277792
  }
}